{"cameraMode":{"drawMode":0,"name":"Shaded","section":"Shading Mode"},"sceneLighting":true,"audioPlay":false,"sceneViewState":{"showFog":true,"showMaterialUpdate":true,"showSkybox":true,"showFlares":true,"showImageEffects":true,"showParticleSystems":true},"in2DMode":false,"pivot":{"x":0.4442579746246338,"y":0.2342168092727661,"z":0.24845266342163087},"rotation":{"x":-0.11326874047517777,"y":0.1162772998213768,"z":-0.013416246511042118,"w":-0.9866741299629211},"size":2.4457056522369386,"orthographic":false}