{"cameraMode":{"drawMode":0,"name":"Shaded","section":"Shading Mode"},"sceneLighting":true,"audioPlay":false,"sceneViewState":{"showFog":true,"showMaterialUpdate":true,"showSkybox":true,"showFlares":true,"showImageEffects":true,"showParticleSystems":true},"in2DMode":false,"pivot":{"x":-6.041961669921875,"y":-3.164693832397461,"z":3.586991786956787},"rotation":{"x":-0.15717867016792298,"y":0.34948381781578066,"z":-0.05959425866603851,"w":-0.9217472672462463},"size":6.639629364013672,"orthographic":false}