{"cameraMode":{"drawMode":0,"name":"Shaded","section":"Shading Mode"},"sceneLighting":true,"audioPlay":false,"sceneViewState":{"showFog":true,"showMaterialUpdate":true,"showSkybox":true,"showFlares":true,"showImageEffects":true,"showParticleSystems":true},"in2DMode":false,"pivot":{"x":-3.5253779888153078,"y":-1.906834363937378,"z":3.5611331462860109},"rotation":{"x":0.18586432933807374,"y":-0.34389638900756838,"z":0.06964927166700363,"w":0.9178019165992737},"size":7.760994911193848,"orthographic":false}