{"cameraMode":{"drawMode":0,"name":"Shaded","section":"Shading Mode"},"sceneLighting":true,"audioPlay":false,"sceneViewState":{"showFog":true,"showMaterialUpdate":false,"showSkybox":true,"showFlares":true,"showImageEffects":true,"showParticleSystems":true},"in2DMode":false,"pivot":{"x":-15.362197875976563,"y":8.419029235839844,"z":9.347709655761719},"rotation":{"x":-0.29573750495910647,"y":0.5497124195098877,"z":-0.21657809615135194,"w":-0.7506328821182251},"size":12.352266311645508,"orthographic":false}