{
    "name": "",
    "resolution": 92,
    "radius": 1.0,
    "noiseLayersLength": 1,
    "noiseLayers": [
        {
            "enabled": true,
            "useFirstLayerAsMask": true,
            "noiseSettings": {
                "filterType": 0,
                "strength": 0.09000000357627869,
                "numLayers": 2,
                "baseRoughness": 1.0399999618530274,
                "roughness": 1.0099999904632569,
                "persistence": 1.0,
                "CenterX": 0.18000000715255738,
                "CenterY": 0.07999999821186066,
                "CenterZ": 0.27000001072883608,
                "minValue": 1.100000023841858,
                "weightMultiplier": 0.0
            }
        }
    ]
}