{"name":"uy","resolution":165,"radius":1.0,"noiseLayersLength":1,"noiseLayers":[{"enabled":true,"useFirstLayerAsMask":true,"noiseSettings":{"filterType":0,"strength":0.30000001192092898,"numLayers":5,"baseRoughness":0.10000000149011612,"roughness":1.4800000190734864,"persistence":0.6759999990463257,"CenterX":0.0,"CenterY":0.0,"CenterZ":0.0,"minValue":0.9800000190734863,"weightMultiplier":0.0}}]}